Date,Close,Open,High,Low,Volume,RSI,MACD,MACD_Signal,BB_Upper,BB_Lower
2024-06-13,918.0243481458187,916.6553248491268,928.7132812900801,908.7969902509077,3744424.0,34.14801273747604,-24.13964112372787,-24.36343946659776,1004.1916814438385,894.5896875754325
2024-06-14,930.3625218273667,930.5041300494653,936.7984544898488,922.944499029815,2648091.0,39.70457940038268,-22.724578132088027,-24.035667199695816,995.4239505584446,896.1608288460629
2024-06-17,912.0498670778013,907.3511636915741,923.3759853867286,909.3798594758969,4461676.0,34.985944667971694,-22.817779550203454,-23.792089669797345,988.189570176636,895.2107854320133
2024-06-18,915.1828210028726,908.1329265772407,916.0200674737315,908.4555972147041,2260462.0,36.3789851472084,-22.38084667806345,-23.509841071450566,983.1081985134683,893.9402753723316
2024-06-19,885.787769144676,887.7474867570172,901.2277020096597,884.5800451877157,2738673.0,29.904589551192515,-24.128372391678113,-23.633547335496075,978.8711988849209,888.4145170933164
2024-06-20,865.8649784111996,862.2046303820913,882.7231785168061,865.4179858861282,2123154.0,26.46657982460505,-26.811831714227083,-24.269204211242275,979.387119794392,877.5055953162171
2024-06-21,868.8178969492363,870.229521363002,885.6534653618363,866.4691991275979,4558848.0,27.7916613065335,-28.373148716446394,-25.089993112283103,980.6802620047426,868.2331996440448
2024-06-24,879.8948956491676,873.8124059976423,893.0871920544605,862.9460942369697,3980826.0,32.69151335159144,-28.389426827974944,-25.749879855421472,975.1505189730235,864.6929159305532
2024-06-25,882.4654198670171,882.1325557083103,884.7613520373332,872.7666036145587,1309178.0,33.81391065050397,-27.873598039538024,-26.174623492244784,968.7109061849142,862.6582188459668
2024-06-26,880.7306956311935,881.3047459032213,894.0872090716355,863.7181111542236,3062605.0,33.4090234961908,-27.290193394594326,-26.39773747271469,960.5804691374086,862.0395812901621
2024-06-27,876.2141401973541,868.3601691105575,876.6450082746552,868.6349250653899,1221037.0,32.323791773619135,-26.88240564875275,-26.494671107922308,956.475297622569,859.081144937628
2024-06-28,854.0363103418427,851.2453927543046,854.4141966682324,848.7102643457389,3732244.0,27.58536830295695,-28.025733236367728,-26.800883533611394,955.3758368093545,851.7157889847051
2024-07-01,843.2386472159221,837.0731337507226,848.6962600843402,834.7026796215071,3299250.0,25.616457460245485,-29.463473182733537,-27.333401463435823,953.904045885683,843.4766129450823
2024-07-02,836.3290656515253,829.0258215918337,844.5023957088877,828.9775376535796,1521469.0,24.415521297483764,-30.80533322923725,-28.02778781659611,954.6192881934928,834.0859358836722
2024-07-03,852.185899044809,860.5366430675175,865.3165058043155,850.3849799657115,2881306.0,32.263745957345265,-30.240657573566637,-28.47036176799022,951.2951778228373,829.7567478125372
2024-07-04,857.340173388336,854.2941096813131,869.0565049214414,846.3520505133698,3392371.0,34.639439003612765,-29.04245780940016,-28.58478097627221,948.2673803269673,826.5476323358474
2024-07-05,830.894571057895,836.0440309532987,838.3045338168641,827.3044719981261,2312336.0,29.01626767944279,-29.88234982896995,-28.844294746811762,947.3368453924429,819.0342346894583
2024-07-08,835.7558305988169,831.6546205313551,840.3295322338613,825.3993456813238,4833848.0,31.226370304766746,-29.812052503955556,-29.037846298240524,946.0551798497058,813.2606535237176
2024-07-09,829.9795963925721,832.9924675152835,846.531456196453,819.1865235877195,963001.0,30.029936454748594,-29.87801997797294,-29.20588103418701,939.2686646052618,809.6358813622962
2024-07-10,819.8257663879829,824.0925964813741,826.8136546424996,817.3330885534587,3680246.0,27.999073470975645,-30.39920577732164,-29.44454598281394,931.6879213511592,805.8102000471814
2024-07-11,829.0009107205958,830.5866027818772,836.484915805731,827.9837327856535,2651061.0,32.44489557024035,-29.729192188713228,-29.5014752239938,925.2275265325134,803.3682511233048
2024-07-12,844.465903558035,843.985844765664,847.22939831816,831.2793727931812,4450511.0,39.25348103115788,-27.63178391215922,-29.127536961626884,913.3359074707109,806.6702083581742
2024-07-15,858.4351053447781,856.9215282617564,872.0809537189817,850.5409288404583,3322136.0,44.67733931093825,-24.559270915777915,-28.213883752457093,905.0126232580423,809.6320163975405
2024-07-16,845.8468424964385,843.290156505526,857.581820903902,844.8628892409201,1015693.0,41.11476716884143,-22.87634556559442,-27.14637611508456,893.64320817963,814.0678336253092
2024-07-17,841.2086568586703,848.4351295489578,844.9229230476552,824.4708536902641,3136722.0,39.85377373698671,-21.667112928257325,-26.050523477719114,888.9259221835789,814.3272083927602
2024-07-18,846.1776083297237,851.7728631247079,847.5717882527421,845.1997559914867,739017.0,41.90929945553135,-20.076406181333596,-24.85570001844201,887.4220532837946,813.8623402843964
2024-07-19,860.8107852365591,868.8167888390985,872.5264080079963,848.8449088141431,914994.0,47.58982706629161,-17.434016057342888,-23.371363226222186,886.3904999382153,814.0931824587083
2024-07-22,853.6231716688798,847.2089997550183,864.79729044143,836.8293491871359,1441768.0,45.24924343431902,-15.738460021924652,-21.84478258536268,882.4878951252432,815.3686148736516
2024-07-23,850.8382870189225,854.7669047615356,855.4882803761776,846.7682152157208,2340083.0,44.339317145792336,-14.452833299335111,-20.366392728157166,877.2137369752022,817.480059738883
2024-07-24,834.243262408832,841.5569138637153,850.1082928143815,831.869850860648,1576941.0,39.27142955249185,-14.604690869628826,-19.2140523564515,871.1350276387964,818.9100257530527
2024-07-25,816.3001630476219,811.0959730463587,818.7663346814296,814.3184321307808,965982.0,34.658732860676594,-15.988590728506665,-18.568960030862534,866.853775759136,817.1998799177398
2024-07-26,828.488050383535,821.3049971378693,835.6517347121097,823.4628536687738,3038568.0,39.82865014217676,-15.918383471731318,-18.03884471903629,865.6022692476694,815.8965604333756
2024-07-29,848.8316508120973,852.9250675877327,864.851071997066,847.116233160741,773146.0,47.32099373533221,-14.059120390534986,-17.24289985333603,866.1124620667217,815.9456679739408
2024-07-30,847.7514989883923,849.0141928550443,854.8679882302022,836.015882689132,1664795.0,46.98645815906665,-12.528380852565078,-16.29999605318184,866.7495865295396,816.4507868448095
2024-07-31,862.8044924567727,868.7031205415334,873.8229535806685,861.729579591376,1889330.0,52.071611291730754,-9.985501327019165,-15.037097107949306,868.567413802405,815.6948189131405
2024-08-01,868.2290328324872,861.9738312116611,875.1330928245443,859.383131199948,3177747.0,53.791742453603455,-7.446695043961654,-13.519016695151777,870.740650024535,814.6104686354258
2024-08-02,858.5522365134103,863.6222847327426,863.2607980186589,841.4379102533833,2909381.0,50.32212910756106,-6.144677348569758,-12.044148825835373,872.389614302018,815.7272709034945
2024-08-05,863.9731705960365,858.8174507896848,880.9757763621063,849.908201105716,4070599.0,52.18282991953455,-4.622114015405714,-10.559741863749442,874.7989143063895,816.139704898845
2024-08-06,887.0437190930261,881.0766814263212,894.305662279285,876.1291883220908,3443295.0,59.18870549641239,-1.5361632159828105,-8.755026134196116,881.868940776877,814.7760906984026
2024-08-07,886.5063285063768,880.5537186097725,902.3588205538581,881.0764130472703,3783616.0,58.97196455071919,0.8562418731313528,-6.832772532730623,886.4428547442727,816.8702329428467
2024-08-08,909.9759833435869,915.7010921511387,914.1610467159894,898.6213788009178,577175.0,64.9999490874572,4.593098760469502,-4.547598274090598,897.2034138716864,814.2071810777317
2024-08-09,870.6798067822408,873.5564844661754,874.3907260327396,861.5021195829443,3185747.0,51.38648633093747,4.333754900806866,-2.7713276391111057,898.666975432872,815.3650098389669
2024-08-12,883.0083443478691,883.4156835986103,883.5581774474819,875.4836406806056,2578808.0,54.599151814456285,5.0646508290893735,-1.20413194547101,901.4127402574175,815.0765689147304
2024-08-13,884.3140503714417,881.8172866439672,895.8396129682586,882.0022699178276,1857453.0,54.93880037075956,5.683732155645885,0.17344087475236902,904.3705928470971,815.9654371125513
2024-08-14,879.8289401144536,886.4663791551375,886.3137429625083,864.2277391745331,3511786.0,53.459345097831054,5.746208933380444,1.2879944864779842,906.1940580084778,818.0040002767488
2024-08-15,881.2053517624862,879.3097928235379,896.438894074461,873.278298968847,595028.0,53.86989599043279,5.839473333062642,2.198290255794916,908.0591725425396,819.641660085963
2024-08-16,851.3918180434728,856.7828214907378,859.4495588989588,848.0778177600474,2058242.0,44.676719708011596,3.467709436902851,2.452174092016503,907.9072392954041,818.8516966137898
2024-08-19,848.0967397259101,847.0643500138158,864.5191735186806,841.8588295962552,4819453.0,43.78730433743127,1.307116553474657,2.223162584308134,907.9371992531936,818.2690934617038
2024-08-20,853.4534282985863,851.3529843270153,856.6201760468603,846.3846191574612,663834.0,45.68049559802071,0.026762624352954845,1.7838825923170984,907.9391823739633,818.5286244689001
2024-08-21,875.6218389697091,874.9682710756546,890.8335472836487,861.1296338910413,2867555.0,52.76978697445451,0.7917515639129533,1.5854563866362696,908.245128839283,822.3605356596682
2024-08-22,867.8477856956043,864.4003102536683,881.3271428770742,855.114473381111,1729787.0,50.29102321925073,0.7619266649055589,1.4207504422901276,904.4658977710964,831.2945289926532
2024-08-23,855.7203816522066,859.9580695183083,868.9142523546633,842.5541841083331,3512359.0,46.612627892848565,-0.237551588945621,1.0890900360429778,901.6504723723783,836.8331875182384
2024-08-26,848.1940259984385,848.240174370935,862.5248277454868,848.0068929466868,1825569.0,44.44019934201383,-1.618304499939427,0.5476111288464969,901.6999928113802,836.7199045978708
2024-08-27,861.9250577639696,857.3088059998888,875.0439707110357,854.7511865855736,1916828.0,49.10093858825673,-1.5862957907903592,0.12082974491912563,901.0973851615661,838.7398681252423
2024-08-28,866.8563244088649,873.7837993271855,877.7131853344557,858.511199967619,2914165.0,50.70041339131075,-1.1497629012284278,-0.13328878431038507,901.1648032025145,839.0776332795032
2024-08-29,858.9099213523593,856.9153817139862,861.1644719037209,858.5802326128261,3708823.0,48.07851727014202,-1.4285483409655626,-0.3923406956414206,901.0759289765427,838.2345963574622
2024-08-30,866.6089328490597,867.3637988189101,867.1726824030311,862.1058038976472,4125654.0,50.736651864189284,-1.016524069330785,-0.5171773703792936,901.1033830340177,839.012811933552
2024-09-02,868.0650960892802,875.1219811305214,884.0522135992348,854.8654749219959,785711.0,51.24505512774436,-0.5659675402623634,-0.5269354043559076,901.1986188330093,839.3267686838849
2024-09-03,882.5947709472736,884.7878070582067,893.4798178092535,880.1745247608229,1623389.0,56.11204321522853,0.952544743722683,-0.23103937474018948,900.5513753392052,839.5291173631138
2024-09-04,872.0639745391134,865.3821861936416,885.9566040558593,862.7274809222013,1075919.0,52.05600140474505,1.2913436032454229,0.07343722085693297,898.9058946903207,839.7303626152719
2024-09-05,867.1490423401468,874.7770424357839,875.5000752597365,863.4168003955557,3831106.0,50.231016385229374,1.1499937752815867,0.28874853174186377,890.1424774947372,844.2110857105115
2024-09-06,861.2674200431644,863.4672357509155,863.288094468316,861.0586354770351,1352746.0,48.05964868053185,0.5569550228409526,0.34238982996168155,889.7510560882515,843.6612684430895
2024-09-09,839.3146958211827,836.5433729448653,841.4161013232551,835.2658172608469,922381.0,40.94521217831351,-1.6652380119968484,-0.059135738430024454,889.197015107005,839.8459445716676
2024-09-10,843.7564999771513,837.6691693088802,855.3255033223143,827.2885034999019,1476433.0,42.79058076171529,-3.032963414177061,-0.6539012735794318,886.9950430912951,837.9921615479483
2024-09-11,847.6723290598496,852.6570693996699,854.9674970626019,834.0835124506945,3171252.0,44.43892403986776,-3.7576056296395564,-1.2746421447914567,884.840131797137,836.9314117366457
2024-09-12,847.7490309094866,849.7848621590272,851.1489237641586,831.479427503356,2020943.0,44.47267247864458,-4.276404874493437,-1.8749946907318527,881.8967789522577,836.5291324962253
2024-09-13,844.2302239088593,844.7952012122873,852.5306033942172,835.9930013340835,901067.0,43.1769578182884,-4.91484011339503,-2.482963775264488,882.2366074234701,835.4731446115516
2024-09-16,822.9996627781031,829.4831320385379,824.0565414493067,821.1934056879804,960796.0,36.304297347769655,-7.052635104578826,-3.396898041127356,885.427679182922,829.7723651573187
2024-09-17,816.6899829366228,821.4038719668331,826.1957872226042,807.739722422625,1504001.0,34.544424289686006,-9.150510083834433,-4.547620449668772,888.8095487560043,822.7141510480404
2024-09-18,811.5492651887212,805.895605280728,815.9152931829195,804.1742733491102,812023.0,33.135094474323324,-11.099950755917575,-5.8580865109185325,889.4792741325027,815.6371682934432
2024-09-24,831.4493718457828,823.6924885632754,831.6426096579247,828.9542144856606,2820715.0,42.85437267110291,-10.913322252787793,-6.869133659292386,888.0515455051586,813.4250555358049
2024-09-25,834.0680390382604,835.2338940864528,835.2765517110051,828.652002764978,2734805.0,44.007754875097184,-10.433838467143346,-7.582074620862578,887.5793608087309,811.732005970838
2024-09-26,837.9312948991019,842.3297418271061,844.50894757829,825.5742034859303,4804459.0,45.74743097860669,-9.63109043573479,-7.991877783837021,887.4076358992676,810.8774577703676
2024-09-27,836.8146061626094,843.1202659214571,844.8470027017283,828.8478276935297,2399054.0,45.30921280953227,-8.98148135949998,-8.189798498969614,886.0397279653226,809.7343205441767
2024-09-30,808.0330379331238,805.4809746465203,817.7297664595065,801.9584348737276,3957550.0,35.7925737256589,-10.666140872385995,-8.68506697365289,885.7714424202079,804.1202774417172
2024-10-02,808.538782950501,802.2423961200652,819.777179118129,801.1091723313506,4674482.0,36.04676546861631,-11.824135009330575,-9.312880580788427,885.6413252527685,799.213280768971
2024-10-03,845.4874146377801,851.3458356864593,860.0318678752111,832.2129824758465,3773523.0,51.23576112088541,-9.649178201292443,-9.38014010488923,883.1792783023816,799.5631758982297
2024-10-04,842.6020001660634,836.3244242019912,855.7440802275237,827.5685533016921,588668.0,50.232427787113394,-8.065365580758112,-9.117185200063007,880.0883196767634,800.1078249315262
2024-10-07,847.1252103010675,845.3849997893747,847.7964524161696,830.9394483568166,3334837.0,51.82506347070647,-6.371747869219348,-8.568097733894275,873.4717313127296,803.1774572309396
2024-10-08,846.6045337554889,851.6383658461581,854.7405209564787,833.2806142668633,4119348.0,51.62027935306644,-5.013762345362238,-7.857230656187868,868.9088307470207,805.1944137182858
2024-10-09,829.0743631911959,823.2694734714928,830.8142616082275,823.844447766428,2424914.0,45.15138165288317,-5.291094844957797,-7.3440034939418535,863.9912811987584,806.3044953516534
2024-10-10,846.2167054089211,841.6344655625153,850.3131561265978,834.5704837316794,4510162.0,51.54591728300247,-4.080600474338553,-6.691322890021194,861.1859074056996,807.6047976812876
2024-10-11,857.4957008992228,861.3073133374401,874.416879538516,849.9908449476715,3270742.0,55.243236428265085,-2.185955951415167,-5.7902495022999885,863.8756045842098,806.7332010105814
2024-10-14,869.3611801048685,873.1870045664261,871.8387819715994,864.9331650544686,3270374.0,58.804513338429736,0.269897283250657,-4.57822014518986,868.6383854436112,804.5308881639519
2024-10-15,855.7203682829474,858.1360263708449,864.2585433710154,841.3293495304472,4082299.0,53.531088478129995,1.1027671390519345,-3.4420226883415013,869.7809856522434,804.1930918776294
2024-10-16,876.7622829469889,880.1632165658887,887.6017956037393,876.0884674781583,3545915.0,59.556184144381646,3.4212906501127236,-2.069360020650657,875.3196099328565,801.5557928007664
2024-10-17,855.7345170051046,856.465732622952,867.7569874507359,840.3011397492332,770914.0,52.26342490365532,3.521379985065664,-0.9512120195073925,876.590528966603,801.4353030766447
2024-10-18,864.5373734121088,860.2457936182889,874.2141174692151,856.5580831089978,4609803.0,54.76086168251307,4.261890032267729,0.09140839084763186,879.4803981848306,802.6992049218177
2024-10-21,897.3942077992584,894.6247773658624,897.5695738368438,885.9577895094808,862455.0,62.62141155363453,7.414551188084488,1.556036950295003,888.9847117631851,801.2653138297266
2024-10-22,882.5361629222981,876.9161323367027,888.2984411287031,870.8980893120729,4974017.0,57.73595052008377,8.614831406153826,2.967795841466768,892.5803306505767,804.7683847156926
2024-10-23,874.0416969782565,881.1817534134518,883.0917282448439,858.3942923966068,1534586.0,55.08980901533283,8.779425958607703,4.130121864894956,895.2894069912555,806.3185408882613
2024-10-24,875.5364674545712,876.9967186026556,877.0750739399484,864.3879169653692,2246688.0,55.476513338009724,8.927572315950101,5.089611955105985,897.9115867257208,807.8432039954271
2024-10-25,867.9843326428281,866.2631443057703,874.0711063006722,857.3266379857284,3600581.0,52.993731653519056,8.339453182834973,5.739580200651782,899.3246049621879,809.4354895333325
2024-10-28,844.7243811768361,844.0824886967357,845.2853306873749,843.5983291025001,3161637.0,46.14407128488506,5.928144876892588,5.777293135899944,899.2314136311225,810.3196583658207
2024-10-29,845.7528257989266,853.318648767116,847.0819855192444,836.9839248093867,4172277.0,46.47350657463118,4.053427172552915,5.432519943230539,895.9222801847353,817.400770598788
2024-10-30,829.8182700930349,824.0651633131071,836.4057538213804,827.326010483443,2584504.0,42.16944733440273,1.2673056991952762,4.599477094423487,892.6229366773573,822.8280628204195
2024-10-31,836.9221565525627,838.3655096919758,839.143611654207,824.5786633519014,4657137.0,44.63138576614185,-0.36330343785141395,3.606920987968507,892.9861586538847,821.6083150353703
2024-11-01,823.1307930390557,823.2277360974582,832.4740000092876,814.6982803212452,2754736.0,40.983626975091354,-2.7368717492890937,2.338162440516987,894.5360703035499,818.1112826730043
2024-11-04,846.3798091143187,848.2664614045619,858.0507936937069,834.8651879559063,3521372.0,48.608904769295144,-2.710693255103365,1.3283913013929167,894.5360499370161,818.0367629208633
2024-11-05,834.6310097292752,826.5870060521579,847.9948994303401,833.9353798271129,2888229.0,45.4154527441972,-3.5965181094046557,0.3434094192334023,894.8877950907113,816.487665364547
2024-11-06,829.8000869861901,835.97585602642,833.1217807878832,828.3928785403792,3621881.0,44.131599117507484,-4.634927224224157,-0.6522579094581096,894.8266962748464,816.621336559911
2024-11-07,842.0028452467351,849.2797417134219,844.8232614625632,829.9399186294239,2971378.0,48.12107148243608,-4.422236530159239,-1.4062536335983356,894.86327030882,816.1633765097187
2024-11-08,823.5398805002258,824.6126759848188,825.262196234889,822.35259399114,4330121.0,43.10560759941766,-5.678031760682643,-2.2606092590151974,895.5355826025778,812.0954821760612
2024-11-11,826.9517795192877,830.2041944942662,837.477722067288,825.7732619627237,4062944.0,44.26174277741991,-6.3250357174276814,-3.0734945506976943,894.3398255589346,809.0502991611464
2024-11-12,846.5589208335241,853.7123332371698,858.5203874057207,846.3539100789684,1853324.0,50.488322922447686,-5.195765029212794,-3.4979486464007143,893.895774305662,808.5782056694767
2024-11-13,822.4466723151057,825.8555268184294,822.966230709168,806.7132444731826,3872455.0,43.981430021269006,-6.175282006818861,-4.033415318484344,891.2498694644264,805.7925494475237
2024-11-14,825.2161801930903,819.4815721176398,840.6677300669945,813.0441035680257,4768173.0,44.86044354953462,-6.6514068507813136,-4.557013624943739,890.7519288426855,803.2386563880633
2024-11-15,829.1144221068166,830.3794576998803,829.9762249230334,823.2567053584445,1369807.0,46.141501130429546,-6.637668762753378,-4.973144652505667,888.8646714611236,801.5836186390961
2024-11-18,840.8417651834764,842.6363745429203,849.9446565047143,835.854975151284,4896720.0,49.91164302325491,-5.615747807183197,-5.101665283441173,878.8932586498124,805.8997871888294
2024-11-19,822.2875045203051,821.0397765010173,833.9485366221685,816.5363725980969,4570028.0,44.59302182077195,-6.231212321594285,-5.327574691071796,871.8548321353287,806.9133478631134
2024-11-21,810.3097788082944,817.3492156014763,821.8824112888168,799.5914773369589,3372176.0,41.51733536874959,-7.597890988582662,-5.78163795057397,866.8987105304029,805.4962776510431
2024-11-22,814.7645489067922,821.6993116557406,827.8289413057577,811.7467332405307,1869277.0,43.08951814810398,-8.226698700005954,-6.270650100460367,859.3885701556302,806.9292261710378
2024-11-25,818.5219416619803,817.717160598548,824.0788902759336,815.6716954375977,1249971.0,44.44607077058244,-8.325867727630111,-6.681693625894317,852.2221741668303,809.1493830617529
2024-11-26,823.718664804435,817.3470039948909,837.1423978993229,822.0976581403453,3093659.0,46.350808709706556,-7.894129162665308,-6.924180733248516,850.3645929878727,808.9063926034704
2024-11-27,813.5182939807576,821.406837681386,814.8217918438253,802.7749271399118,4666233.0,43.21852255507723,-8.279615661374692,-7.195267718873751,848.5006819701628,807.5468504393637
2024-11-28,817.0020994381726,822.5397084006108,831.6234411704465,804.5122180424066,4960276.0,44.595639058512035,-8.209369996679584,-7.398088174434918,848.3904067266403,806.3755086173996
2024-11-29,821.3981865376529,815.2321586776621,830.3940142323435,817.044013426164,4575837.0,46.36339518221778,-7.710095134675726,-7.46048956648308,847.2917105461721,805.9218077963773
2024-12-02,810.6829152672574,817.5063017525937,823.9343020431497,810.3433208258834,1842057.0,42.7804107923075,-8.085840513539893,-7.585559755894443,847.7700259244252,804.198704640944
2024-12-03,838.6695329344287,844.8739491185245,846.256444222722,837.2912354547708,2733706.0,52.997410816576554,-6.055530890898012,-7.279553982895157,846.1660193842725,805.031683563108
2024-12-04,845.7770267481055,846.0956826670215,856.6634913385999,829.4051510965146,985757.0,55.185898521167275,-3.828844006074405,-6.589411987531006,848.2215513429695,804.0907533062938
2024-12-05,827.9074742900658,829.418826599512,836.6237282395695,823.0154554997954,2554376.0,49.007615869745024,-3.4661465686793917,-5.964758903760684,848.0797820155659,804.0432613640852
2024-12-06,837.7557784195733,836.0635570508223,850.0136454052081,824.8673556796635,2779176.0,52.184770546752006,-2.3568619613159854,-5.243179515271744,847.3235572978359,804.3747793990989
2024-12-09,823.1355533661634,815.805722870002,824.4794041747638,812.8518975178328,1685111.0,47.4574531914529,-2.6271912679405887,-4.719981865805513,847.3127581053391,804.3451458781892
2024-12-10,834.9418224223002,832.1898081142923,835.9496320021816,828.5638748465582,2892919.0,51.294460612868235,-1.8672375946589455,-4.1494330115762,848.0750156612187,804.381892612611
2024-12-11,852.3207561074113,857.4833217133871,856.5329804123736,848.8145256506878,2000948.0,56.347845072446965,0.13580045011065067,-3.29238631923883,849.5477493468359,803.4853424543824
2024-12-12,840.0105213321356,831.6882350799925,842.6909055304885,837.9712039641211,4607834.0,52.215193703840406,0.7215716375850434,-2.4895947278740556,851.0686933367921,803.7207833661295
2024-12-13,854.4611632708004,851.6157934419537,869.3592672794151,843.9510693488581,2908630.0,56.26971215912997,2.3250439005129238,-1.5266670021966597,855.266692213054,802.4472827976386
2024-12-16,860.652877174848,858.9000490378994,864.4262201535814,847.319061333593,2094918.0,57.9173470732856,4.048755256685354,-0.41158255042025715,860.2618875070923,800.6059330104031
2024-12-17,872.9837795747653,873.6366946706097,890.0220703623789,861.7414201959532,3202994.0,61.06366351221771,6.336763430811516,0.9380866458260975,866.966799770717,797.1152221859074
2024-12-18,901.4356743145745,909.0051309284904,907.5094720191531,891.8750090930562,3204716.0,67.16396163876888,10.326815416213663,2.815832399903611,881.8379665558758,790.1588723801757
2024-12-19,897.7548525745315,894.995979991022,901.0247974255371,897.0016142863877,692512.0,65.7292231524575,13.041613209944444,4.860988561911778,891.9030690076671,788.8382773050081
2024-12-20,886.4488101091691,883.7354470677669,900.4493561491979,869.2784956191166,4214379.0,61.391188705115944,14.118062644149632,6.712403378359349,897.785228128142,790.1245443047707
2024-12-23,873.1060936647863,877.2533694043386,884.6085291194701,859.1588491081832,4885724.0,56.64026454582434,13.736168864625824,8.117156475612646,900.6146330242409,792.7535546089525
2024-12-24,860.8689393903046,860.0462575793431,869.4465637509408,855.8273114670072,2049420.0,52.618373197459604,12.30424355262278,8.954573891014672,901.7342894961045,795.3489255956757
2024-12-25,859.7124137490931,854.9772007009906,869.2614725267902,842.8625606039814,2575915.0,52.24082310073442,10.949886991468361,9.35363651110541,901.7212784416523,799.9813486269617
2024-12-26,864.8296933713427,864.0070589977516,877.2694344388492,854.419191959122,3848924.0,53.819749968950354,10.172212424914619,9.517351693867253,901.9746509573763,804.5107355045545
2024-12-27,868.980055361293,862.7382936350333,872.9505076366854,858.8577818858408,3845647.0,55.11582440955793,9.778083593623023,9.569498073818407,902.5140222074399,808.7295511368552
2024-12-30,881.3878040968334,875.6832328300246,898.9509353452424,868.2009525584108,4400379.0,58.83536758583574,10.34765396859575,9.725129252773876,902.4902405333095,815.8238216939432
2024-12-31,881.582832475002,881.5540536043704,898.7700508142544,867.2699862929593,4304409.0,58.8930311268671,10.6915344011652,9.918410282452141,904.6153654016889,817.9900267796208
2025-01-01,903.3858436323617,901.9210116084328,915.1357440082883,891.5247740221464,3464932.0,64.82518303774206,12.578387089934381,10.450405643948589,910.5381641133254,817.8281097564102
2025-01-02,899.4159911337924,906.8783718793314,903.0054245593066,897.1117638802328,1147341.0,63.04130730530164,13.596663645751732,11.079657244309217,913.3956083413793,822.1215172127288
2025-01-03,940.2185286326367,937.630932518568,953.0097925772989,933.8576210972291,2020982.0,71.67030312626858,17.494414210521995,12.362608637551773,926.2465734960847,819.5168270793295
2025-01-06,949.6035388491118,951.1340785013927,950.9747361424298,931.9773086650802,3829693.0,73.2191223272205,21.097502627989343,14.109587435639288,937.2583548949157,821.1518442287937
2025-01-07,936.7461755028676,939.2241368201521,937.3204477870853,932.5380191958083,4498422.0,67.75405007572681,22.65434915390597,15.818539779292625,943.7670477705536,824.8235866612123
2025-01-08,920.6827880319508,911.7170769676216,925.4276720364035,913.8298325695454,1701838.0,61.57080937065376,22.334521657683126,17.121736154970726,947.2993916240144,828.1274460002059
2025-01-09,927.9198742605986,930.9548658141716,936.5054149775508,919.9012197227488,2664563.0,63.20024466502374,22.40673751611655,18.178736427199894,949.9137836469832,834.3039892700832
2025-01-10,924.5679324807109,918.6143800718231,940.6234707838164,916.4427372238407,4979825.0,61.89129527199819,21.940578089244354,18.931104759608786,952.354900536849,838.8735493012083
2025-01-13,935.2779398920923,943.9025178254568,948.8800436825779,923.8125624922163,4085681.0,64.42647626880662,22.179677954691215,19.580819398625273,956.2137307059631,842.4772254038187
2025-01-14,942.3765042606955,935.7546644519653,956.3746877634966,924.6018540361638,4908285.0,66.0390871116771,22.680514289449093,20.200758376790038,961.2718561681728,844.3583724102017
2025-01-15,941.2840705708423,939.6768115239067,949.2942725278433,936.7528662598336,2884291.0,65.54663687976496,22.727294322453986,20.706065565922827,965.6096991359504,844.0053690680513
2025-01-16,928.5821647998163,920.8814267428063,935.0067460850015,926.325684579183,2595588.0,59.94903547141518,21.4916873999407,20.863189932726403,967.9159249024295,844.7818745241005
2025-01-17,905.8594564295283,914.8614212233483,912.5816358725586,902.2818462174205,3155982.0,51.47946354228565,18.4660620789748,20.383764361976084,968.209300286924,846.429563771642
2025-01-20,899.161732148523,899.2012055343534,916.922865998216,883.2119535573665,4704955.0,49.26986932260187,15.350827060599727,19.377176901700814,967.6136218238125,849.6308060831273
2025-01-21,912.007714063375,913.7475514954141,912.7393119028357,900.2280252040333,3744967.0,53.40109524879642,13.759928357808576,18.253727192922366,965.9518807155164,856.4064246587302
2025-01-22,915.2191202253282,907.2947225155399,931.089596287105,909.98577302305,3485696.0,54.40082488112048,12.612869998366705,17.125555754011234,963.378581479534,864.5303945423359
2025-01-23,896.5330385446483,901.0149949455089,906.9090709922178,881.9025707749536,937625.0,47.95408490732598,10.079813542814009,15.716407311771789,960.3809563754547,870.6983541637461
2025-01-24,899.1307524324161,893.9140963852881,907.0182046701041,883.6410673733568,3801106.0,48.86136535915949,8.187580521187783,14.210641953654989,957.320540980353,876.77383926596
2025-01-27,904.9105131283486,912.1145833545635,918.0363787610792,889.5901186364541,1872070.0,50.911751537121205,7.0728195424247815,12.783077471408948,955.5268245286567,880.9198266208081
2025-01-28,891.6526515853316,886.3943911570991,900.3314446266429,875.2653859786951,2930721.0,46.32360584674425,5.061222190476087,11.238706415222376,954.2687919673036,883.1848410931938
2025-01-29,893.9585281745145,888.4282811748783,909.5746112222926,889.4486679517262,3093726.0,47.21461087130161,3.611451204576724,9.713255373093247,954.8336930186327,881.6772084960802
2025-01-30,894.8316589512045,886.5374583599851,910.9511898150772,881.3189505176495,4518280.0,47.56951302216063,2.504086064424655,8.271421511359529,955.127546829088,880.924921467366
2025-01-31,877.6871044837452,877.1967748424294,885.0898848679005,869.6029129264865,3042017.0,41.64814377136052,0.2402989336886776,6.665196995825359,954.4515921238598,875.3477337577054
2025-02-03,883.0539148889694,884.1990792204373,887.9429922909394,868.1833125197611,4950252.0,43.99815795635735,-1.1079402838067836,5.110569539898931,950.0692609929542,873.0751024925964
2025-02-04,891.465682784493,883.7225658989048,902.026882587035,878.4771940061327,2070057.0,47.56276224332358,-1.4806027413604852,3.792335083647048,946.9330178812384,871.6832963324748
2025-02-05,907.7114514321221,912.7134428893194,924.274704565786,893.6156466596615,1361069.0,53.69319953506573,-0.45974303403340855,2.941919460110957,945.92325945511,871.3959210986203
2025-02-06,923.5184822126456,922.6557097239279,927.4094907136476,911.3989305242239,1356626.0,58.74683218497073,1.6062747822222718,2.67479052453322,945.2953607027603,871.5836806461748
2025-02-07,902.8534416932893,903.2938584654139,914.1023921738931,899.6495981898667,2661352.0,50.922625290530895,1.5581513229612938,2.451462684218835,943.51805300964,871.1895392605529
2025-02-10,888.7860660945624,887.733081192262,900.0125045649194,879.0978194713214,606022.0,46.392928177400805,0.3805072393346336,2.037271595241995,939.6592340775369,870.3991708129029
2025-02-11,896.5115951026924,894.732253770937,909.6564816050138,878.856238326083,3299131.0,49.072178574723004,0.06979686974204924,1.643776650142006,932.9642372613217,872.5076767133181
2025-02-12,904.2183843663754,905.2969420467473,906.5977027599874,887.2663139061285,3707796.0,51.667325697463816,0.4403540214975692,1.4030921244131185,925.4439915220348,876.3213538321579
2025-02-13,911.9440996609662,905.6560671904853,924.9999467196033,911.1566589885581,970529.0,54.187556091044755,1.3419546736209895,1.3908646342546929,921.7650226170671,878.3365162232407
2025-02-14,969.735072020787,963.566163075148,987.3654863587257,966.5385378767575,3483516.0,67.73894853345061,6.643150077365817,2.4413217228769177,940.596124277134,865.8929761222997
2025-02-17,978.2984296811845,985.3771157795597,981.8141037461444,975.721028636896,661445.0,69.19312423749443,11.403919736087914,4.233841325519117,956.7573837192278,857.6453864334719
2025-02-18,995.3319142838935,1004.2125734222358,1000.0606033303303,980.8800948131473,4334242.0,71.90580712822877,16.362704767655146,6.659614013946324,974.0983343950157,848.6368557797363
2025-02-19,1009.6419407362915,1007.0836961806011,1029.2571652956897,993.1285333854428,3782831.0,73.97881105585948,21.20286375704984,9.568263962567027,992.0794692132006,840.0980030126477
2025-02-20,1019.4128095058785,1014.7386931689801,1023.1026139822263,1015.0596850700346,4918909.0,75.31799849436672,25.5328255593397,12.761176281921562,1009.8813692770248,834.5840800449462
2025-02-21,1014.6837708362733,1017.6060508269226,1032.0223846020042,1004.4181604768323,1184029.0,73.35037968603089,28.257028153765418,15.860346656290334,1023.6736332406239,832.347117921733
2025-02-24,1026.0683091436724,1024.195409648793,1036.1705232995625,1008.815934454804,1010370.0,75.04081966248924,30.977525798948363,18.88378248482194,1038.0923860872208,830.0441446766682
2025-02-25,1014.4759309256087,1004.8462485521794,1019.4921304127868,999.6077403393995,2252374.0,70.1605531887779,31.831201465967524,21.473266281051057,1047.9286188460696,832.4902398518473
2025-02-26,1010.9236518245086,1003.9715823856897,1028.5288852249134,999.9604435058899,4915276.0,68.68642217311769,31.853914251538868,23.54939587514862,1055.7795450881783,836.3358259747379
2025-02-27,1003.643198607072,1007.978379778486,1012.5817504168203,991.7932297202252,4499694.0,65.64229458415606,30.927924704353018,25.0251016409895,1061.3112128268538,841.6853122016496
2025-02-28,1004.8713106978669,1008.0652728940373,1015.2178144821335,994.6545721161299,3808505.0,65.91670325289853,29.947948391671503,26.009670991125905,1064.5216414936162,851.1933041562988
2025-03-03,1039.5911891979695,1029.7586524073738,1047.0603061118475,1033.4046142309585,708944.0,72.5834178257308,31.60855043853394,27.129446880607514,1072.2168260342114,859.151847046604
2025-03-04,1011.5822113090933,1005.9572510043462,1023.5785819789363,1000.1508873696014,3325494.0,62.040739013771066,30.315046108746174,27.766566726235247,1074.279308504008,869.1010174292677
2025-03-05,1021.876114164711,1016.3799493274403,1025.218136954518,1007.7970054534284,1861303.0,64.10432771315779,29.77731221937495,28.168715824863188,1077.7939533432514,877.0028388632826
2025-03-06,997.6853760968662,1001.1152736277787,1005.4889026964453,980.2593460615742,4701765.0,56.351429743808914,27.08692266281014,27.95235719245258,1078.7077854605484,883.5056961344079
2025-03-07,990.6063981100248,981.0908418251178,1009.8125190882654,978.0001123837461,3394100.0,54.28251403049806,24.105679921106116,27.183021738183292,1076.2814528917954,894.7073243448344
2025-03-10,1006.9406570645352,998.967873772882,1012.1391580312231,991.6125726522112,1697162.0,58.10473957776351,22.798257633565527,26.306068917259744,1070.9267968691265,911.8774394645005
2025-03-11,1007.9048573509672,1013.9505949358736,1021.1434188348,1004.6781177830707,1546161.0,58.326227115109056,21.591030990865193,25.363061331980838,1063.7079464417725,930.2356161166821
2025-03-12,991.7386856820276,985.3626917948335,998.1887570198486,982.5837976210717,2279685.0,53.24372631263336,19.10953737993532,24.112356541571735,1052.9419456190308,949.7536470709889
2025-03-13,981.009130043128,984.0060365707528,996.184814005959,980.8260419581587,2397501.0,50.12195688501307,16.091655754822455,22.508216384221882,1037.9429326675875,971.6591630606488
2025-03-14,991.2030962771482,986.012815515445,993.7975438316512,986.312919191149,1173218.0,52.94479632246697,14.357031779401495,20.877979463257805,1035.6205764345439,976.1283217193285
2025-03-17,980.2475968013912,972.3946645588759,999.2608917767043,966.0053497932364,4385250.0,49.69003077129995,11.960440025328694,19.09447157567198,1035.3667002136065,976.5771146522866
2025-03-18,983.4944756451208,978.4427010182392,992.4204657862477,963.9856834842817,1103291.0,50.65815348863137,10.205477390437068,17.316672738625,1036.0566991102655,974.7033718917498
2025-03-19,984.1780532436779,988.553057969561,988.8243669533497,982.2258750641548,3161198.0,50.87249559032375,8.768735335174028,15.60708525793481,1036.0575161992815,972.1561660534726
2025-03-20,974.4040480295907,981.3358895974425,975.8363585918983,966.5796942968685,2679431.0,47.68297879910951,6.76346139633506,13.83836048561486,1035.4746183749332,968.2381877301923
2025-03-21,1006.5632093694705,1013.2109527029927,1009.9806506046856,990.4567693299273,4709738.0,57.19285646814645,7.68070452667871,12.60682929382763,1034.632410760126,968.268339198319
2025-03-24,1016.0719947042408,1013.9826159812602,1026.634549758333,1011.9256968188782,1219407.0,59.535015154143245,9.070348492807852,11.899533133623676,1032.913006781072,968.9881117334301
2025-03-25,985.6948559043767,989.0084689938102,992.3385018530117,974.7519683220326,3038143.0,50.103624811374004,7.632487553543115,11.046124017607564,1031.5001708444615,967.5228401679174
2025-03-26,988.4916706259181,982.6592592922121,1004.8785566878247,973.9989732239125,837913.0,50.87524776613176,6.642086139557819,10.165316441997614,1030.2722323927553,966.5075804997646
2025-03-27,978.5648736543923,974.5165063503471,986.9979015574196,966.5092391682563,4415770.0,48.03581597504198,4.9985560865468415,9.13196437090746,1030.0492163131926,964.2227640840589
2025-03-28,991.3513736763356,999.2095348388965,996.2826383919886,987.6234020974132,828821.0,51.76978992961448,4.673932188228264,8.24035793437162,1029.2651436644544,963.6548430306441
2025-03-31,979.4635625998451,969.9236251802962,991.5529831442415,972.5018378850862,2680707.0,48.29518149972077,3.4180176271677283,7.275889872930842,1020.3931794426471,966.5140445926388
2025-04-01,977.7425159778417,969.6371973399675,991.5634386633095,962.4155849505313,2201243.0,47.795045894844165,2.2577957462093536,6.272271047586544,1018.179945300222,965.3433092019388
2025-04-02,985.3173251625485,979.5608304880939,988.6091108802086,974.395545433774,4387008.0,50.237625954218565,1.927318415506761,5.403280521170588,1012.549863858829,967.3175117431158
2025-04-03,998.3036530751003,988.8503604653766,1001.6503505940245,998.1992382290191,2312375.0,54.19451544939838,2.682380073473041,4.859100431631079,1012.6247235883565,967.304479711412
2025-04-04,980.2992069692637,974.0534351622641,981.0181863840913,965.379234197934,4127447.0,48.44324085016264,1.8071320526281625,4.248706755830496,1012.4931205576681,966.4053636280239
2025-04-07,975.2816884316494,976.9014667074997,989.6456764440031,974.5929180743109,4115652.0,46.94797126276624,0.7005444372547345,3.539074292115344,1010.2258872970154,965.5067000253881
2025-04-08,968.1575087642351,966.6360405372671,981.01085551961,953.7177535384271,568803.0,44.832022238813394,-0.7427342028145176,2.6827125931293723,1007.8227486845553,963.9351037791748
2025-04-09,958.3575702756294,965.8839684145036,967.4548921328571,954.4765947222694,1307744.0,42.02606972542241,-2.646805333551697,1.6168090077931583,1009.0091850841039,959.4105558389866
2025-04-10,984.8393838798459,991.092002315028,1001.4668299768938,965.968413962398,1248736.0,50.958415726101904,-1.9959265834105508,0.8942618895524166,1009.1579904913758,959.6447758153861
2025-04-11,990.9141095442602,987.7792011825072,1006.8811079881981,983.6221559054292,1199539.0,52.75661345178409,-0.9786397423107474,0.5196815631797839,1009.1279772967363,959.6458903367371
2025-04-14,972.0008502292345,967.3240376842342,983.3801490268152,965.6452940482859,745404.0,46.98074560326508,-1.679217578632688,0.07990173481728952,1009.247018915173,958.7021740610845
2025-04-15,985.7687794350562,983.3968700759017,1002.8870738432576,982.8333956020826,517297.0,51.171575029403705,-1.1106706182652033,-0.15821273579920905,1009.3715339018263,958.8050894534249
2025-04-16,1017.6011223902457,1019.4388070872304,1021.7904073175974,1011.381458536445,1288443.0,59.20124882991484,1.8867615735280197,0.2507821260662367,1014.9603280706413,956.5586021992667
2025-04-17,1033.0881012985128,1028.2958874400251,1035.4005578405458,1014.974951877733,4155074.0,62.43763886917006,5.449104068914153,1.29044651463582,1023.913876142492,953.4734594543081
2025-04-18,1010.2975518092027,1012.8060985623979,1015.7480992515447,990.1656689674377,3765962.0,55.46487729199699,6.3599655625176865,2.3043503242121934,1024.5147093891494,953.2460604516237
2025-04-21,1003.0340407162089,1001.2167767853203,1004.1792419149099,995.6455007838374,3526394.0,53.41740686989373,6.421699858492275,3.1278202310682097,1022.2915708138277,954.1654036281426
2025-04-22,1022.0377079540083,1023.1015915824768,1032.895213692672,1012.8677683335167,1727146.0,57.8060041747587,7.912847478484878,4.0848256805515435,1027.1187259807493,952.9725336661842
2025-04-23,1011.4226659697265,1010.1306044459925,1030.3687504949942,996.8162877030011,3380304.0,54.70570453969247,8.144166652342847,4.896693874909804,1029.4030253056465,952.9813338756679
2025-04-24,1018.07995739192,1013.894951576557,1018.8810547960688,1000.0355941435843,1833572.0,56.289070473979756,8.763654589730322,5.670086017873908,1032.6287378722714,953.7071296827955
2025-04-25,1029.69946819336,1038.9349108271297,1032.214198463705,1017.4863194828157,1115863.0,58.984108531105456,10.076050221818377,6.551278858662803,1037.6141513190173,952.5565256877524
2025-04-28,1015.7955111196887,1021.1509027679413,1024.9823459809488,1007.841310185748,4265056.0,54.64259245266957,9.880306061915803,7.217084299313403,1039.7093428603973,954.0945289983569
2025-04-29,1014.9026307787617,1007.597629084817,1033.8584750209145,1006.5272109428807,3825315.0,54.36585233519549,9.543122250614147,7.682291889573552,1041.3046672564337,956.2152160824121
2025-04-30,966.2836206777257,973.4045120748143,972.3935499940517,952.8403322536044,1328791.0,41.91701686320631,5.291753817738368,7.204184275206516,1042.3192927567627,953.2972201336008
2025-05-01,950.9178060577113,950.6787681100044,960.5645782863928,950.8565999743935,4320887.0,38.88637805234921,0.6748417275041447,5.898315765666042,1044.4131608973134,946.4647672913109
2025-05-02,947.129283786814,954.6031231483079,947.9167812311613,935.3926596782082,3346274.0,38.153921392049206,-3.252305894460278,4.068191433640778,1046.77473279075,940.7862030796299
2025-05-05,928.4125360573412,933.9803236298245,931.1670098055827,921.8116527098507,4895564.0,34.67862729867571,-7.785141532316857,1.6975248404492511,1051.2080506965085,931.6659699364402
2025-05-06,952.8987056163157,951.4734265205389,971.7018769581067,937.7629134367584,876794.0,42.10790810071348,-9.294476252060463,-0.5008753780526916,1051.9839560234716,929.3641842946853
2025-05-07,931.4465849469062,922.550698307455,949.4257152241814,929.7142686690006,4378450.0,38.02733278357913,-12.082363778170702,-2.817173058076294,1054.477334092573,924.1797076927111
2025-05-08,924.8459176464514,920.5671616498108,924.9372920704601,913.9659883396993,3533349.0,36.844211429605494,-14.65546434506632,-5.1848313154743,1057.2932503157926,915.3644448461525
2025-05-09,926.8070263057429,927.5787639593912,944.4499433147603,917.8916452295621,2021466.0,37.46671687643286,-16.347970772575877,-7.417459206894615,1058.6166307920948,907.6303560459986
2025-05-12,948.4261256417345,950.9580102594798,960.5492865705894,936.2421594430328,2980252.0,44.01763076999492,-15.763106393849625,-9.086588644285618,1058.8192974605665,905.0702169187774
2025-05-13,926.888193374043,922.3999724571944,942.9774577741218,925.6859527535604,1282877.0,39.57019261247407,-16.843368427383098,-10.637944600905115,1059.4889016907443,898.512554082498
2025-05-14,944.3356496563674,937.5242713346662,952.9241907962603,933.3816623225454,4385180.0,44.46528194008282,-16.10596047754575,-11.731547776233242,1055.13095815813,895.5439503417244
2025-05-15,944.4891455716612,950.8159050352749,954.2286426215203,933.8828235969902,4110793.0,44.507870229043405,-15.33243080876025,-12.451724382738643,1047.1426800984977,894.6723328286716
2025-05-16,929.7665158059419,938.7741343619726,938.8567794397244,919.3408561552069,3799973.0,41.24102665161986,-15.726115285367314,-13.106602563264378,1042.8753643890077,890.8865449378358
2025-05-19,936.698067919891,937.1793468024397,949.1910771520563,925.3923532936034,3580977.0,43.349298474947275,-15.302398221933913,-13.545761694998285,1038.7435275352004,888.3847845120108
2025-05-20,939.683963353493,933.5136091549907,942.308524244627,926.9706419068044,2799899.0,44.27680547619093,-14.557848770444707,-13.74817911008757,1030.2584591179732,888.6344784691867
2025-05-21,930.6807101961111,926.442526614883,931.2386270343078,915.696955517652,2472424.0,42.04168191267344,-14.526819124192002,-13.903907112908456,1023.0431946321294,887.7755473776685
2025-05-22,931.7277414709614,922.7531661267258,937.4658788511623,926.6997524676187,1836092.0,42.40580552435324,-14.253436489115074,-13.973812988149781,1012.9497466160456,889.2337738016568
2025-05-23,925.948037518035,933.6204208556501,938.9979929046891,910.6689798738022,1350350.0,40.87906699559434,-14.337874495038932,-14.046625289527613,996.9862197223705,894.8221576277994
2025-05-26,927.6507976968037,920.5589274392897,931.3957880143978,918.4066520746305,3979027.0,41.546765602498816,-14.104802325931814,-14.058260696808455,981.7630287588725,901.2308772490089
2025-05-27,937.5827578146194,939.0175683772376,950.2107305753912,936.1377875373552,3705228.0,45.41887683396582,-12.969164322777942,-13.840441422002353,959.6981002677285,915.5638184437385
2025-05-28,961.3730100567997,957.0286658049085,980.0219553219296,960.2472243950216,667647.0,53.38447854489277,-10.033824804431788,-13.079118098488241,958.2483040147224,916.5225536346522
2025-05-29,942.805777574397,943.8273642501836,944.5763803216897,936.503341215329,2833679.0,47.55170608829406,-9.100858544444236,-12.28346618767944,957.0759091213985,916.8837456796447
2025-05-30,974.8012781942409,977.7533739564423,987.9143462854811,959.4989066634598,935477.0,56.393454120770095,-5.7138409574641855,-10.969541141636391,964.0866703617482,912.6401838800373
2025-06-02,945.5199612014035,951.7555103503579,953.9114550042029,932.1374322022193,2183523.0,48.358776546781954,-5.330911258176684,-9.84181516494445,964.6981577164897,913.7394390397026
2025-06-03,943.2431847758697,937.7048620837302,959.6205700730205,928.3660709590795,4696656.0,47.788639985946716,-5.151767177202828,-8.903805567396125,963.5165918661398,913.9554528060078
2025-06-04,952.0679428731383,942.7566389638283,955.4411155855299,942.2184371435725,4827308.0,50.237547961566214,-4.2487332236412385,-7.972791098645148,964.9612376432113,914.5729428215596
2025-06-05,956.2828208891639,949.3380202095,969.5297468774816,947.8637260988146,3460033.0,51.40980536025404,-3.1565797918100316,-7.009548837278126,966.5359167308063,916.1419540582356
2025-06-06,946.942328091855,954.5182197716908,962.8152649636302,944.1497473134095,2081420.0,48.67338851445069,-3.0100421433878637,-6.209647498500074,966.7358191853039,917.9555817823496
2025-06-09,943.8204943364958,950.8781966931471,961.651419528121,937.6253933975119,1286261.0,47.758410155201304,-3.1099661412808928,-5.589711227056238,966.3580768016502,917.8727610354788
2025-06-10,936.4254803166133,938.2498825363925,949.2216975779436,928.2969444478916,3994708.0,45.57296247265318,-3.7427286125405317,-5.220314704153098,965.9781393226378,919.2064272087484
2025-06-11,927.5850089624502,929.4497676201747,936.8084461210233,925.9413203552813,3328630.0,43.03749170211016,-4.901053293631321,-5.156462422048743,966.0143517018972,917.4951507600971
2025-06-12,940.3290404177654,943.4328159739619,951.948634467829,936.180083901813,4744402.0,47.56624251844362,-4.736102277610144,-5.072390393161023,965.7803238775518,917.3131680690531
2025-06-13,945.6842727072412,939.5443471817439,962.1184682732102,934.3696276646065,3579042.0,49.387224451327526,-4.1256964581755255,-4.883051606163924,966.0154369715483,918.6698306651865
2025-06-16,935.2906287783314,943.0425409678796,945.964347752749,921.5294524446156,3262081.0,46.04488717017725,-4.429564389321513,-4.7923541627954425,966.020013975129,918.52450974745
2025-06-17,948.7846269098302,947.2432413651431,949.3612424117772,929.8402914873639,626060.0,50.7089188559333,-3.540713893098882,-4.54202610885613,966.6076181433006,918.8469719349122
2025-06-18,953.3941197229793,951.1658189231973,971.1453399641819,935.6016244602179,4824848.0,52.228062776391134,-2.4362622099030204,-4.120873329065509,967.502826562604,920.2231044682956
2025-06-19,965.5870515055636,965.9523853308698,978.9030135548193,953.1779987771783,3296461.0,56.08369869283242,-0.5705318633763454,-3.410805035927676,970.3008891191399,920.8109729152198
2025-06-20,975.0314841344178,966.1970352188434,988.2239211458416,966.8168818425768,3577099.0,58.85385771205108,1.6511265023109445,-2.398418728279952,974.184305398281,921.835901297717
2025-06-23,962.5965589705868,956.1718693524538,966.7487221616568,950.3489161273243,3344180.0,54.022128140148006,2.38096593241778,-1.4425417961404055,974.9075298380492,924.6072529853268
2025-06-24,954.1938433676322,958.7364475938037,966.76793255124,939.2005646275527,3121578.0,50.97661915308322,2.2553418374518515,-0.702965069421954,975.1656238095262,926.0102675691513
2025-06-25,965.4032474444812,957.3478970280163,973.0080069699073,963.1184045843282,2172795.0,54.64958590586816,3.0254139761593706,0.04271073969431094,975.7801547115167,925.7987604059289
2025-06-26,974.5588014259831,976.5693573493056,987.2520980170758,966.5692730659619,4593886.0,57.453497943761356,4.3246267787861825,0.8990939475126852,979.1109994390239,925.6432180635803
2025-06-27,974.2452775165209,969.2834289703538,976.3222326443955,957.8818092999593,2754103.0,57.322796249481975,5.268234596855336,1.7729220773812155,978.990864714077,925.7077527207554
2025-06-30,976.0051882661527,973.8442271649758,988.8463968735344,968.5127292158694,3439362.0,57.90173629119478,6.087883350619791,2.635914332028931,982.2120800028517,925.5350601384555
2025-07-01,995.170161702979,990.964447940044,1015.0618960846465,983.7879572903669,1062060.0,63.6798665529475,8.189510501941186,3.7466335660113823,989.5544729208899,923.3853649131282
2025-07-02,986.2965908704416,983.4496007160374,987.2476182617831,974.7022925337119,2006145.0,59.60089384820221,9.034893525572443,4.804285557923595,993.6344513723537,922.7282512613946
2025-07-03,994.5030515879921,998.8598880108639,1013.9391057508143,990.8338076542536,3148202.0,62.02362026016237,10.248915341776865,5.893211514694249,998.8924497300318,921.2922759735993
2025-07-04,991.4701618014838,987.4472064927419,999.538903834608,984.2872491625793,1692931.0,60.57774398994673,10.84133535336332,6.8828362824280624,1002.913680729568,921.7238283450259
2025-07-07,988.2049437530754,989.5173716296663,1005.4146010413419,981.5936295675556,1371522.0,58.98353569847941,10.921460870222063,7.690561199986863,1005.6941438775942,923.3818101386579
2025-07-08,1004.6865965328833,1004.2053597348249,1020.4076407159882,1004.1602068941744,2042247.0,64.11682857672432,12.174551900107872,8.587359340011066,1010.5133883390383,925.3886772988408
2025-07-09,1017.0678417677037,1020.3971353460036,1028.6017218638817,1016.575748465913,4872216.0,67.4159005752841,14.00525472686877,9.670938417382608,1015.8773474959575,928.9730014224473
2025-07-10,1029.2704863077133,1038.2628054722827,1044.4717658421064,1012.1496618956163,2681906.0,70.31286753661509,16.253392349581304,10.987429203822348,1024.298305681212,929.4461878261873
2025-07-11,1048.8526684150281,1053.731345710185,1067.281336229329,1043.1244474609034,1102276.0,74.2667540416735,19.391641283633817,12.668271619784642,1036.6611723224946,927.4001607556834
2025-07-14,1049.1677260395197,1043.1862189439273,1057.6479456848697,1038.296695617837,2000134.0,74.3260005919477,21.65452876288066,14.465523048403846,1045.338434262167,930.1106085421294
2025-07-15,1059.397020608944,1049.463756810398,1066.3261797489524,1053.0676409561513,3104884.0,76.23883184496074,23.996683149448245,16.371755068612725,1055.8741341366447,930.6361480375633
2025-07-16,1054.7430192600423,1049.7280124660049,1068.8258085225896,1034.8995219170781,2205243.0,73.55377429810815,25.18697855098401,18.13479976508698,1063.5666963251026,933.0784758028122
2025-07-17,1059.6055145473688,1061.6204165410038,1076.725474847082,1054.1104690354002,4774692.0,74.56182122921373,26.22040644062372,19.75192110019433,1071.617937779721,934.4290806523744
2025-07-18,1057.6533687318536,1048.164648741963,1073.7780375464677,1048.5648092240149,4522928.0,73.35297097983097,26.57553738379761,21.11664435691499,1078.4084137885372,935.9007931033011
2025-07-21,1059.1083082067444,1059.0313374511616,1076.0077294848827,1040.6219910245125,739779.0,73.69527120269915,26.666982298710764,22.226711945274147,1083.5812658515952,940.3791159638591
2025-07-22,1068.0356635882981,1070.1042959164326,1077.3400338819827,1050.051362074183,3475605.0,75.7533967908961,27.146883646545007,23.21074628552832,1088.0832550968767,947.2613087406444
2025-07-23,1055.762353339796,1052.2623721415653,1073.0311248740109,1051.8327759224908,1288140.0,67.889071238335,26.23444105141732,23.81548523870612,1090.1594786312778,954.2209957957743
2025-07-24,1087.148162475078,1093.0385965649648,1089.7618635482584,1069.6963184877316,4058539.0,75.02845957770751,27.724307655183907,24.597249722001678,1097.6996724419228,957.9397380900396
2025-07-25,1072.0579017525824,1063.6229127267582,1083.7323785503238,1062.2338443044468,4246037.0,67.28276982621071,27.37185405172295,25.152170587945932,1100.5697239039334,964.8509490516346
2025-07-28,1053.8450725607663,1044.8902934560672,1053.9664472805762,1043.6655852398187,2623238.0,59.32264418177139,25.33090996474425,25.1879184633056,1099.773104259894,973.4315571251354
2025-07-29,1071.2167356632674,1076.1055279539771,1078.1707711262338,1068.3570160567108,2118963.0,63.730309204885536,24.828982053325262,25.116131181309534,1102.2837535973006,978.5255651837577
2025-07-30,1083.0916760727114,1082.9940097149693,1091.0299048331121,1081.3456995001275,1090381.0,66.409748067263,25.10007102087775,25.112919149223178,1104.5253471580313,985.963480143254
2025-07-31,1092.4534733284938,1096.5698903757116,1101.1094779882224,1076.5486768429773,3432235.0,68.39221751442217,25.7732320042262,25.244981720223784,1108.0132413122976,992.2706281630378
2025-08-01,1101.878655967458,1100.4424086765555,1117.205065386995,1090.9378570215117,4183909.0,70.29314333144848,26.758791708770104,25.54774371793305,1111.1064758663913,1000.2182430255418
2025-08-04,1101.6949543747542,1096.1072023663507,1110.2564043677735,1092.0694300770301,2039600.0,70.20452082048232,27.211356117085643,25.88046619776357,1110.9246567955763,1011.7490631585245
2025-08-05,1088.2361388024667,1095.1813122838405,1098.0018311102274,1072.3585944430004,2727503.0,63.85282347436677,26.182190737582687,25.940811105727395,1109.011556585431,1022.0171175956278
2025-08-06,1089.3732071753727,1095.8967199024062,1094.5486914092976,1072.6946223372115,4732939.0,64.14794655336655,25.168198350482044,25.786288554678325,1107.6544544800522,1030.6047562417734
2025-08-07,1079.215781502691,1083.4181715816705,1087.2721659827016,1075.785857455522,3570771.0,59.476454432368875,23.27666382430084,25.28436360860283,1105.7122774091847,1037.541462832139
2025-08-08,1093.8425775039573,1088.8578304961734,1098.814521401435,1080.4927724967101,1643647.0,63.58853189028292,22.696241140649363,24.766739115012136,1107.5891042515857,1040.163626898631
2025-08-11,1091.636716781425,1093.6066989601045,1093.2347839395125,1088.6815670618137,4111646.0,62.557559080347914,21.806881303619093,24.17476755273353,1108.5497035724811,1043.449926651926
2025-08-12,1079.2542588295375,1076.2533685532185,1092.2797481173684,1063.0357635980324,1916953.0,56.97344418619464,19.87380351715001,23.31457474561683,1108.6555869242104,1045.3297671222565
2025-08-13,1074.4334712047425,1065.6571133915843,1088.7924751378405,1060.3163790252634,3194245.0,54.91809399532394,17.748237537543446,22.201307304002157,1107.993248280943,1047.9611509599938
2025-08-14,1080.6274430188769,1089.6466530586533,1094.0162083905418,1059.952562780159,4622186.0,57.06146092658525,16.374754962767838,21.03599683575529,1107.845737949086,1050.2108541390012
2025-08-15,1072.1715747268174,1064.3837199188363,1082.1104775031806,1070.6928782270795,921280.0,53.33352680896378,14.437515532306179,19.716300575065468,1107.0738439113277,1052.434568776256
2025-08-18,1059.8382687933208,1069.3818443457114,1067.8884988688703,1058.6288932554921,1409245.0,48.36982341822257,11.7713517954287,18.127310819138113,1107.0016499671774,1052.579758779064
2025-08-19,1063.4935769656995,1062.3451266926506,1081.8565727876594,1057.4914941369202,841207.0,49.85927138356938,9.839922148715004,16.46983308505349,1107.2351075938031,1051.8920924901781
2025-08-20,1067.1680755323305,1060.4477538047347,1078.2470257260848,1061.582396514964,1730746.0,51.377773275929435,8.507680320864893,14.877402532215772,1106.245978405224,1054.0217938980109
2025-08-21,1059.5639279017635,1060.4518625495039,1069.7184045505774,1054.3301313726997,3789791.0,48.12935546112466,6.760348817736485,13.253991789319915,1106.1228509040889,1051.3864979418145
2025-08-22,1052.4983533174886,1060.3488508802193,1053.038117958227,1033.4217242437921,1092632.0,45.26553435271494,4.750680307790617,11.553329493014056,1107.3418936234373,1048.2115003789565
2025-08-25,1055.9791023778532,1060.8835949198644,1063.1861138719544,1050.7087909354755,4537106.0,46.94051122260807,3.3996814822178294,9.922599890854812,1107.1158771259325,1048.6509198581707
2025-08-26,1034.2578372553933,1040.5991026508675,1042.122243223782,1028.6325145436335,1972178.0,38.93353017352612,0.5697133158637371,8.052022575856597,1110.858251353473,1041.2126557898423
2025-08-27,1013.145880639745,1016.3632949176864,1021.2271937911646,997.7582562130701,1662189.0,33.03523574726431,-3.3381353572103762,5.773990989243202,1116.637650462333,1028.4386771376858
2025-08-28,1002.3692173209585,1006.223859510657,1014.0001557940313,993.3531098434545,4370426.0,30.495551802607707,-7.2214755754225735,3.1748976763100476,1120.6554797815775,1015.4124222176878
2025-08-29,999.1675100452808,1006.1456090391439,1009.830676604619,983.646230980905,914299.0,29.763456500740944,-10.437089425638078,0.45250025592042276,1121.0615609440943,1004.7352264629532
2025-09-01,1003.8311235292508,998.8053026508069,1016.0358045752108,1002.5187918614779,2881486.0,32.312431902162686,-12.465477669386246,-2.131095329140911,1118.70062692096,997.3097774015373
2025-09-02,1025.9614667834942,1025.7444751872547,1041.6562818420923,1015.9568816430436,4176158.0,42.90190634186576,-12.14723050481166,-4.134322364275061,1115.4532678100077,994.3296693105922
2025-09-03,1038.8263611315244,1033.034061510077,1055.7173814635698,1038.127987252266,4661900.0,47.995338506776335,-10.733202202754683,-5.454098331970986,1111.1518900161216,993.5763625000935
2025-09-04,1036.4272831820729,1046.5359317545283,1051.3129301597485,1035.1285733932752,625438.0,47.150644582141176,-9.69440901388839,-6.302160468354467,1108.0545113655755,992.394891318578
2025-09-05,1036.1420400635327,1045.3442110661756,1055.9432054966485,1017.3580810215673,4270183.0,47.044629935928604,-8.792816547578695,-6.800291684199313,1101.8387923776638,992.8405565624469
2025-09-08,1021.1040995939655,1011.6982361724719,1021.4764468923058,1018.2604192080123,2417043.0,41.71901079189565,-9.185845432827591,-7.277402433924969,1095.4426943759454,992.1833928454198
2025-09-09,1020.8264025540797,1025.0235338303523,1024.823509290572,1009.9562207594316,2699391.0,41.625300992558046,-9.411244517810474,-7.704170850702071,1090.7508914693133,991.0324101245052
2025-09-10,1016.4965229702776,1025.1417916913172,1016.6502756926564,1008.1389779572378,1135719.0,40.11237181186027,-9.825992092299202,-8.128535099021498,1086.43436046205,989.5552463083225
2025-09-11,1021.3373013753489,1014.8124950753408,1034.5631029206177,1014.2422074655101,3301445.0,42.623225520768464,-9.652800694217149,-8.433388218060628,1079.7876818729465,990.2729107330733
2025-09-12,1008.9288372220641,1010.299875271189,1027.0498155729042,990.7714809989061,1308258.0,38.201860946635,-10.396954993483405,-8.826101573145184,1074.571665668184,989.1646531873604
2025-09-15,1016.7190349356816,1025.1677321546972,1021.6700966476612,1016.2752696775098,3364140.0,42.25193169565516,-10.240057775087507,-9.108892813533648,1070.875659116696,988.5487363530845
2025-09-16,1039.7101186307204,1030.0188969928627,1058.9870625616193,1025.907141563531,4064462.0,52.20705513671538,-8.166390226311705,-8.920392296089261,1067.0006727702757,990.0453768660068
2025-09-17,1038.0787164038675,1042.1774719561815,1039.3299623069233,1018.0771312506869,681948.0,51.52825655186758,-6.578797991363672,-8.452073435144143,1061.588721159983,992.5483925634534
2025-09-18,1044.1043922353515,1039.872616405488,1063.6173674323634,1032.4069110204914,3082814.0,53.91184071563043,-4.779305171256283,-7.717519782366572,1058.484178685955,994.1069814708401
2025-09-19,1054.4565521110183,1063.4066990891338,1061.8719690396326,1034.6997804459068,4269457.0,57.755313677514266,-2.48916778455191,-6.671849382803639,1058.9105399914936,993.8764400446546
2025-09-22,1048.4382450327307,1058.3157546301181,1050.564914540512,1047.3424618477754,1706751.0,54.88947587400393,-1.1466268891394975,-5.5668048840708115,1057.3041835130011,994.7287107886345
2025-09-23,1051.799632259887,1061.1452188573849,1062.0204270126399,1042.989899079985,1453692.0,56.196832470071136,0.18643321386753087,-4.416157264483143,1059.987580559264,993.7994932428218
2025-09-24,1051.9885182716139,1051.4459913113942,1057.3910382916772,1046.5148580909943,717770.0,56.27352033354385,1.243796757456721,-3.2841664600951703,1063.0157832957905,994.6555542694816
2025-09-25,1053.4536597498463,1061.0815628632508,1059.4556677725532,1038.055939346229,4599906.0,56.90378748935329,2.1749185490455147,-2.1923494582670333,1064.9055366655352,997.8742451426256
2025-09-26,1041.8585129920143,1049.0379474722151,1048.2615663103236,1021.4110584418373,2937245.0,50.678169723275495,1.9546755555168147,-1.3629444555102637,1063.8449842115165,1003.2038978913179
2025-09-29,1042.2261656058986,1038.4554012032665,1058.964857653506,1036.8789187390203,3202882.0,50.861742013737796,1.789173412343871,-0.7325208819394369,1062.7095361003283,1008.1788502101709
2025-09-30,1049.6961399745803,1056.601366046458,1061.015250193576,1035.9624488938455,2290008.0,54.56216767439252,2.235012441691879,-0.1390142172131737,1064.2063643732138,1009.0554892563938
2025-10-01,1071.463294091506,1061.5417075945668,1078.1343895477808,1067.2182072485364,2326525.0,63.247493489359776,4.295257451885163,0.7478401166064939,1069.7500381623515,1006.7755087632543
2025-10-02,1085.852356482784,1087.9430539709451,1099.1070040197683,1073.575052700432,1838530.0,67.6496280678457,7.008306155450555,1.9999333243753061,1078.4076165113927,1003.0604377442843
2025-10-03,1118.1500933454574,1112.1122804696734,1134.165372210099,1107.7751702795265,4966951.0,74.91314367813003,11.630505018736812,3.9260476632476076,1095.2970726249468,994.3717869589223
2025-10-06,1106.6398799021367,1098.2419635830502,1112.6738117307407,1085.1266826771832,2681913.0,68.96990473752919,14.201150861801807,5.981068302958448,1105.009981253098,993.2124563615886
2025-10-07,1119.7246894529467,1110.2507705543508,1128.9859122385271,1106.0970292240727,1978768.0,71.71691717615207,17.097155621968113,8.204285766760382,1116.2180926828466,991.8941736217268
2025-10-08,1122.474819539022,1126.881403704649,1125.211100951476,1114.6285775003043,2065213.0,72.27251246000169,19.390649436691774,10.44155850074666,1125.7318035900128,992.9782923714349
2025-10-09,1155.321863537287,1151.621944432118,1159.5075796189467,1152.6855164409176,3263398.0,77.86534998597095,23.58684725222929,13.070616251043187,1142.0753993537492,990.0331528238922
2025-10-10,1143.19738925696,1148.3364449850278,1158.7704323055414,1139.7392896620966,1188152.0,72.085446520698,25.638476113809702,15.584188223596492,1151.1033888571392,994.4320185239917
2025-10-13,1130.6015616242482,1120.7733856273924,1134.7042512091123,1125.5066881669832,902980.0,66.55799371650977,25.948905910856638,17.65713176104852,1156.227167049446,1000.6964930005416
2025-10-14,1121.610671942588,1117.467225376586,1133.391249055277,1115.9809342293663,1538336.0,62.85318827424706,25.17918414293058,19.161542237424936,1160.3540049439903,1004.7597104371844
2025-10-15,1089.7522360779408,1090.6129505613735,1105.2059310618354,1071.2130210564171,3378350.0,51.84159832937017,21.747769821102793,19.678787754160506,1160.2430521272415,1010.0380152213404
2025-10-16,1081.8659107527294,1088.1563803828378,1084.1784407475764,1069.7225546931202,1668932.0,49.528404738723964,18.18239339120828,19.37950888157006,1159.7711735183002,1014.286045682019
2025-10-17,1070.478920829424,1066.5984883281376,1082.6248362822578,1059.2733420698248,1949087.0,46.3149393382005,14.273436668592012,18.358294438974454,1159.4642455277037,1016.1952105444564
2025-10-20,1072.734827626567,1075.4357889066034,1078.2393042975525,1070.2724963069365,3031528.0,47.047931146012665,11.22816186781165,16.932267924741893,1158.7642407137798,1019.3248736177642
2025-10-21,1077.8611672632244,1086.181775788254,1098.6191969778786,1059.3189437855633,2608542.0,48.76001706671762,9.123245321203513,15.370463404034219,1158.1828680768124,1022.5123997550653
2025-10-22,1106.0037298514628,1108.566632217105,1116.6997956279765,1090.0150235446913,1437635.0,56.98290941831191,9.615116320829202,14.219393987393216,1158.8297055203732,1027.2670834694893
2025-10-23,1120.2600874242535,1114.2769905810871,1138.3185131097418,1118.7439641238943,4002626.0,60.44579330431523,11.028170656019938,13.581149321118561,1160.553320879766,1032.224110877537
2025-10-24,1111.6065325893173,1101.0329486269948,1123.839240962616,1095.8698502277853,1886689.0,57.42402488250645,11.319275283299703,13.12877451355479,1159.2061805386438,1040.5460531783897
2025-10-27,1098.130312519092,1106.258648360288,1099.083764884514,1086.192796669561,4316126.0,52.98199352738374,10.343328016640044,12.571685214171842,1155.8193242656982,1049.5233241426547
2025-10-28,1105.5091000916896,1094.9242796357464,1119.5081922407849,1103.7021378230654,3566983.0,55.03307439219539,10.04944551417475,12.067237274172424,1152.7260770987828,1058.1978673212811
2025-10-29,1085.70560198638,1093.841916088518,1106.3644807540268,1075.7540105083478,3346230.0,48.871195964759146,8.124905864079892,11.278770992153918,1151.7673764498952,1060.580798759656
2025-10-30,1113.1774834741952,1113.8217267949026,1126.5714981137717,1102.386423611061,2618433.0,56.197998436932984,8.715973255608333,10.766211444844803,1152.2448887081562,1062.835799200536
2025-10-31,1130.8690852850145,1140.799647016924,1149.3969924077276,1127.1196992330547,4956397.0,60.15765215154102,10.4910287836733,10.711174912610504,1153.8185028763778,1062.53408422627
2025-11-03,1123.831450503444,1130.5470904483568,1143.7054311484312,1102.5753440978092,4178621.0,57.91481780708796,11.20077915745992,10.809095761580387,1155.1747975731419,1062.896946589637
2025-11-04,1098.134432567081,1109.0704044056074,1103.1436775860643,1079.4666881219428,1797991.0,50.509851348160076,9.579302615988126,10.563137132461936,1154.0547015819766,1061.8580168922153
2025-11-05,1118.442518179562,1115.1031131183493,1123.185717473841,1103.4772576259472,4231404.0,55.36678845555252,9.819767395990084,10.414463185167566,1153.6320734328115,1061.8774149054348
2025-11-06,1116.7244205007728,1122.691934243197,1130.3703683150052,1106.3992856516031,2314188.0,54.876117168167276,9.759203321661062,10.283411212466266,1146.4868513589522,1065.1628926756425
2025-11-07,1135.2916651803748,1133.0649248525492,1144.6244090988428,1125.9421854329873,2607359.0,59.09503996013164,11.081684567535149,10.443065883480044,1144.7626371843792,1066.0965344425565
2025-11-10,1111.3752502984594,1110.9279355480226,1130.043271612249,1096.9057342986084,718401.0,52.31054310872531,10.083667438337216,10.371186194451479,1142.2007089659348,1066.7358315284225
2025-11-11,1102.3846249541527,1105.1958261991444,1122.2280580208962,1090.3591108182693,1485132.0,49.9872481573053,8.46963071490859,9.990875098542901,1140.4141006934744,1066.5998351020392
2025-11-12,1102.4632804499254,1110.7025863926242,1110.2559623140696,1101.0902041980382,659292.0,50.00816701840861,7.1148265327981335,9.415665385393948,1140.5142133945253,1067.7708268381868
2025-11-13,1103.1679893563964,1113.8484971043415,1108.3941497220285,1091.8604590247205,3667759.0,50.20910986320801,6.028505715617484,8.738233451438656,1140.1261401015693,1070.28910799151
2025-11-14,1096.417007284208,1102.299797955473,1113.5326362748608,1078.7339144708162,963937.0,48.20993001967027,4.570158862032258,7.904618533557377,1137.9181137007872,1075.09094303777
2025-11-17,1105.7597562694204,1103.9411526112624,1111.8371453672019,1095.6035767670044,3464391.0,51.11109270107786,4.120788353205626,7.147852497487027,1135.504253437481,1080.8072961653615
2025-11-18,1089.7454498286816,1088.0314328500926,1107.6742540399657,1088.6130609491129,3181206.0,46.32122260230671,2.4442623598131377,6.2071344699522495,1133.8649702342418,1083.6350076251465
2025-11-19,1087.609757553362,1092.7776941419631,1096.8269947397023,1070.5064807173308,1692097.0,45.706049300583906,0.9325213873596567,5.152211853433731,1134.5744932848302,1081.0860873447482
2025-11-20,1089.4141920290406,1083.7225943353938,1103.9589587125545,1085.026820788649,687771.0,46.3542948537948,-0.11857458886584027,4.098054564973817,1133.539936097088,1079.036054992969
2025-11-21,1097.1307745399217,1088.5835577806515,1099.2270691971887,1091.4559570020642,737199.0,49.15034334144496,-0.3251637193552597,3.2134109081080022,1132.9811068142542,1078.1473084708634
2025-11-24,1107.804997711255,1104.5839917048145,1121.6272872661646,1104.1557472815132,3357281.0,52.81403205163798,0.3681892515567142,2.644366576797745,1133.2637834937893,1078.832100310544
2025-11-25,1090.9353663336872,1086.2931961620595,1100.7923530957055,1083.7305004783973,3232481.0,47.04505845328034,-0.4385069552163259,2.0277918703949305,1133.3227909615086,1077.315719467025
2025-11-26,1067.9236537726529,1063.5731062477237,1080.4527148392192,1051.7605971135936,2774316.0,40.53987352165458,-2.90122883769709,1.0419877287765265,1135.795475598424,1073.0648400087368
2025-11-27,1087.0888061011303,1081.2969654638152,1090.741733391238,1075.7964350228515,4102615.0,47.100498761212236,-3.2688052967685053,0.17982912366752013,1135.0916170711562,1071.1598307986983
2025-11-28,1092.0735162808242,1082.072158270369,1108.1679223147482,1087.5986080111868,2083214.0,48.68635773662699,-3.1219005105178894,-0.48051680316956186,1130.804500501105,1071.5673904683304
2025-12-01,1080.846218232476,1070.4241355453821,1099.4972373997687,1061.870231828049,1251518.0,45.38604320267429,-3.8668518697566014,-1.1577838164869698,1128.001466293161,1070.0719014491776
2025-12-02,1104.1134978653138,1114.8835153396874,1108.8996046414109,1084.6903338947259,1013313.0,52.56271250554735,-2.5503572446630187,-1.4362985021221797,1128.3803117790858,1070.2909624930762
2025-12-03,1105.8486173797066,1104.2511777757893,1107.9655335574084,1086.594058426552,4431586.0,53.058103821181824,-1.351437594285926,-1.419326320554929,1126.5892034446688,1070.8226807475075
2025-12-04,1123.538075140664,1120.9388068167584,1124.069252169975,1118.172142426934,3714215.0,57.886667470472354,1.014412751975442,-0.9325785060488547,1127.950013176898,1070.1432364792674
2025-12-05,1124.5508523618157,1128.5913024593553,1138.9894443221249,1114.4020205794575,3960989.0,58.15207628062875,2.9372302915942328,-0.15861674652023727,1124.997406706815,1072.0217616674947
2025-12-08,1155.4620712350456,1148.9511323092486,1169.4915538825173,1132.699707470453,2832214.0,65.33325424553806,6.876090777859645,1.248324758355739,1136.7386437938928,1064.6892066740754
2025-12-09,1181.7921838716936,1192.427396076454,1194.713838457461,1163.545017664602,2830229.0,70.04809936189748,11.984140420132462,3.3954878907110837,1155.1709677599451,1054.1976385997768
2025-12-10,1178.0577216445074,1184.8043407502405,1183.5226629963565,1177.4176258374687,2363462.0,68.62255326382416,15.551696396153147,5.826729591799497,1168.1926048650175,1048.735445614163
2025-12-11,1192.6312859088227,1182.837660222976,1201.9554203201478,1191.0759851983796,1154224.0,71.09475526324321,19.332126331258223,8.527808939691242,1182.9277777506143,1042.9466023838088
2025-12-12,1202.3119251526,1200.330052829888,1216.606844892907,1191.1561206167214,2750397.0,72.63699900848533,22.84593723055923,11.39143459786484,1197.790281810985,1038.673590110277
2025-12-19,1208.1535935132574,1200.1081108223216,1217.9231769654587,1192.283768639844,1972542.0,73.55396755364377,25.80457245131106,14.274062168554085,1211.7301051888753,1034.9731504567708
2025-12-22,1190.4047158232709,1202.0985047996287,1200.5993326416942,1170.8320062378364,4973014.0,66.2857251060787,26.412657410233805,16.70178121689003,1219.9421176588266,1036.827064586278
2025-12-23,1159.8162331568692,1153.5920028258524,1176.4618639066182,1150.9918871543705,1062621.0,56.013036178873826,24.14797142562861,18.191019258637745,1222.5251039444252,1041.4647258610303
2025-12-24,1155.775130640201,1166.009098121993,1171.7811403053395,1137.8464728736149,4029801.0,54.804643461060756,21.776087089629527,18.908032824836102,1224.207019712353,1046.4189039542184
2025-12-25,1166.5382644771403,1170.0296353211477,1189.6650254080587,1144.0362860377368,2098099.0,57.43831353758559,20.52821018557279,19.232068296983442,1226.8594826431645,1050.7071900171286
2025-12-26,1189.0736202585808,1191.635759873014,1192.1270255102158,1184.2277538337362,4694463.0,62.38122230483558,21.114281332360406,19.608510904058836,1232.3188452139168,1053.3746897011094
2025-12-29,1190.1850419648774,1190.4870754852107,1192.6632369133022,1177.727859983578,4313233.0,62.611842306582275,21.421495713595277,19.971107865966125,1236.2172341945627,1059.4012682835826
2025-12-31,1193.9127532752234,1186.18880711691,1207.7236236060533,1174.980773227721,1695885.0,63.42180066838522,21.715438416372763,20.319973976047454,1236.6072138480347,1071.6101985803673
2026-01-01,1168.3620166848962,1161.8305507556558,1174.768394870446,1154.8652536892016,1656083.0,54.678228485544054,19.660030624547062,20.18798530574738,1234.8681839948238,1081.476549491955
2026-01-02,1167.5288012014469,1160.2069540034197,1169.3832892148046,1152.7109362169265,2474324.0,54.41477390683223,17.75915512942788,19.70221927048348,1232.4363385993063,1091.4539233795347
2026-01-05,1173.2897829355363,1179.850455061602,1175.299821917049,1154.566092312798,4398190.0,55.993588460434246,16.52704717181814,19.06718485075041,1226.516335231957,1106.6182832171896
2026-01-06,1172.799361714125,1169.2839017063984,1193.7734914552584,1163.5114833622017,3888445.0,55.81636305338435,15.334256085694278,18.320599097739183,1222.6739882116062,1117.3292166224219
2026-01-07,1141.7877302135269,1131.6907340790474,1146.1691653573819,1120.8909579705785,3242974.0,45.91898789974213,11.75112145594062,17.00670356937947,1217.597547633641,1125.9995684837693
2026-01-08,1140.450929620835,1151.1507002334686,1147.8267175933868,1128.2930642775232,3992099.0,45.544086389402736,8.703266967047739,15.346016248913127,1215.3689818711835,1129.9194196942437
2026-01-09,1120.8838871132623,1129.4874754044024,1125.964997296608,1117.3429067971028,1779180.0,40.35103305350309,4.655260578085517,13.207865114747605,1216.0326832654077,1128.889021775164
2026-01-12,1130.9289753457128,1140.604124372428,1138.9584875138332,1115.1887258126203,3833178.0,43.888220546532175,2.232011778175547,11.012694447433194,1217.9211697612218,1124.5472256904168
2026-01-13,1136.4279490371655,1147.6764906742164,1138.00585294169,1118.3982616465855,3084182.0,45.78360941220185,0.7466835624284158,8.95949227043224,1217.7419533766233,1120.1900185915624
2026-01-14,1122.3297522422552,1115.0098109592848,1133.980877172835,1115.2195311513944,2308286.0,41.8779340497369,-1.5501868188755452,6.857556452570683,1218.7770651854532,1113.5821098425074
2026-01-15,1114.6217484822048,1112.3087304360108,1116.128997159215,1095.5131356382324,4863089.0,39.875073802268886,-3.9469466845864645,4.696655825139254,1217.932892739079,1106.62532854622
2026-01-16,1098.7335456538706,1104.4082511745626,1116.321116526407,1078.821345830288,3297921.0,36.048021699443844,-7.047205532237285,2.3478835536639457,1216.0674806767217,1098.1329026587039
2026-01-19,1097.7933591947728,1102.097161850067,1102.92471062447,1091.713681047281,4874142.0,35.82888251651845,-9.470873856538446,-0.015867928376532614,1211.0592130610298,1092.1051468425471
2026-01-20,1112.1204940022915,1104.4223048899407,1124.1316603470334,1090.2446062803333,769160.0,41.6500382305695,-10.118923768636023,-2.036479096428431,1206.7123618791577,1088.6235758423215
2026-01-21,1097.3346033072582,1104.2660956457157,1116.6494280358236,1094.2464507310153,3069931.0,37.83550041825854,-11.690841062690652,-3.9673514896808753,1207.1887138005602,1081.8990609359582
2026-01-22,1104.895301040026,1098.806014693327,1119.278327972297,1100.4311777849387,941904.0,40.82018989943683,-12.186038655558832,-5.611088922856467,1206.7120324826358,1077.2877592938646
2026-01-23,1096.9414367644395,1090.8823187163293,1108.6339063667278,1092.8997595676103,1078526.0,38.714330140377804,-13.06963803770418,-7.102798745826011,1205.0396010995012,1072.0005079057298
2026-01-26,1085.0483442805044,1085.8507250073287,1092.0867003167468,1065.6479031875474,1337393.0,35.744920816791804,-14.561711734254914,-8.594581343511791,1199.4803328238809,1067.1572485835418
2026-01-27,1083.4428888811858,1085.4567911111324,1090.6586599749205,1069.2651166198978,3845503.0,35.35074944720293,-15.692840425979512,-10.014233160005336,1192.1235398459428,1063.8398262531111
2026-01-28,1067.9142540448952,1069.6247581029434,1082.2133472919606,1064.6655674018084,1314422.0,31.708526595756084,-17.638968072522175,-11.539180142508705,1183.3879942107317,1059.975521965289
2026-01-29,1059.6095144646874,1050.9522257871395,1080.6775049817634,1050.278096793793,1234983.0,29.932350056372385,-19.62518442225155,-13.156380998457275,1179.6804938924374,1052.807772061563
2026-01-30,1041.6413460758547,1049.50492289668,1055.4293273678638,1028.8229488144243,2763429.0,26.476653268832095,-22.391046169755555,-15.003314032716933,1176.678967441538,1043.220552999903
2026-02-02,1071.1122230696005,1066.090849880196,1083.0611957930118,1069.3242350372116,3635812.0,38.93025218142401,-21.95191010154963,-16.393033246483473,1166.8704213342671,1042.8113431205802
2026-02-03,1071.6411763491765,1063.7006350376503,1087.3010797950349,1052.7285020477802,4775115.0,39.12954200105583,-21.315497705563757,-17.37752613829953,1154.9382722911134,1044.6276736272391
2026-02-04,1061.1452937292877,1069.3956576372727,1071.018308651114,1044.0904915361277,3376280.0,36.578754745291675,-21.411250735872954,-18.184271057814215,1149.8134920585203,1041.6882102114082
2026-02-05,1064.354992390301,1074.0544913289202,1065.635248442325,1053.6006053573872,3438687.0,37.91169071276096,-20.98622372129512,-18.744661590510397,1143.5443470061796,1040.3477615406955
2026-02-06,1062.6700716449386,1070.3665152646204,1074.6207915972325,1042.1153414543949,1916842.0,37.466528921145276,-20.54847573547181,-19.105424419502683,1140.3425981526473,1037.7281288473957
2026-02-09,1059.3555276519403,1065.913278945079,1079.644840423141,1050.504379599293,2831256.0,36.557147609824696,-20.235748193479367,-19.33148917429802,1134.5114394283162,1036.4019428023496
2026-02-10,1068.5680281525918,1071.8857604953505,1072.314490541481,1047.5362516906428,4189024.0,40.85414693209231,-19.025226595644426,-19.270236658567303,1125.626869931673,1038.5005202105353
2026-02-11,1079.9306438033013,1081.0290924629826,1094.833792322729,1065.5044983169594,4896650.0,45.73595008544979,-16.953581057162864,-18.806905538286415,1119.3951308728942,1040.4923484254186
2026-02-12,1071.9731265891432,1063.1183447031337,1076.281036878522,1058.3661156062165,4202418.0,43.05572757938275,-15.77208144088172,-18.19994071880548,1114.010983900839,1041.6116332081676
2026-02-13,1063.3358529794732,1061.3889533641332,1074.7311487378572,1059.806537176564,2781608.0,40.2954489850867,-15.355679562904243,-17.631088487625235,1111.4285160658844,1040.6543317756825
2026-02-16,1059.2100775221984,1056.5130854069014,1061.2580909166957,1040.5271421373416,4430010.0,39.008977553224696,-15.183566964921965,-17.141584183084582,1108.7444572973889,1039.4800623769208
2026-02-17,1024.6812600511648,1019.7577441395849,1033.910993220274,1015.9204466096173,4141771.0,30.292514836174206,-17.630124391942445,-17.239292224856158,1106.1091375448243,1033.3714587343727
2026-02-18,1001.9533941181865,1006.4305249426775,1017.1062023960724,998.7023878869243,4579441.0,26.15045312263274,-21.1590789246668,-18.023249564818286,1109.675157696669,1020.2673176636208
2026-02-19,1022.4565081298543,1022.3721704996551,1029.5640434698296,1022.1986953128425,1460652.0,34.81022706996025,-22.04722419097402,-18.828044490049432,1105.2699373568362,1016.4286587124366
2026-02-20,1047.1310238323736,1038.3570337348722,1061.0560177287825,1035.4082729902887,2688370.0,43.41042844444293,-20.523476646244717,-19.16713092128849,1099.8978209401864,1016.8197338358793
2026-02-23,1043.395483239028,1037.5562915746286,1059.9948611636412,1032.3897555673325,2048485.0,42.496377154211345,-19.393763413276474,-19.21245741968609,1096.4066211144009,1016.1456475575179
2026-02-24,1052.0438376848645,1055.899762745061,1071.5524719132934,1036.9080067742693,2067343.0,45.364615272404144,-17.59775168335409,-18.88951627241969,1092.8712564046407,1016.5411071476452
2026-02-25,1056.7125900030173,1047.7544328572103,1061.6715748438407,1037.8976521435077,3825495.0,46.904298562200374,-15.617639725034223,-18.235140962942598,1091.8453379405003,1016.446859207598
2026-02-26,1102.895802129846,1110.6426947535135,1111.7038790752404,1101.1442583525609,3885744.0,59.16375415167167,-10.20416027492206,-16.628944825338493,1099.575093223403,1013.0457326912112
2026-02-27,1119.6894258013647,1119.5807381537472,1123.102597770342,1103.3084480964665,1255612.0,62.549929376221115,-4.506881207449169,-14.204532101760629,1110.9204207148327,1009.5052131723323
2026-03-02,1117.7706619291532,1117.336666842915,1139.9580407523797,1113.5809904730056,4494528.0,61.91818175984941,-0.1449043414577318,-11.39260654970005,1119.0108845443078,1006.0805932288126
2026-03-03,1103.4375553201467,1105.4768797200918,1123.8953089566626,1084.4986595287949,2576475.0,57.265401125020404,2.130868508859294,-8.687911537988182,1123.2632612465754,1005.007854423642
2026-03-04,1079.340860516283,1086.3496891793814,1090.9968163890615,1061.6598861589046,2641912.0,50.40749789522899,1.967354563826575,-6.556858317625231,1124.5199226316008,1005.5707497173161
2026-03-05,1082.3928150542915,1079.0982106566098,1100.6210308116822,1070.6857895578398,3644311.0,51.20454444954148,2.060286113470511,-4.833429431406083,1125.8977443494045,1005.9967102659116
2026-03-06,1071.047553875027,1074.8608291699998,1082.206969219605,1055.83347763257,785622.0,48.109146825716415,1.204581608281842,-3.625827223468498,1126.3362388865621,1006.395963951763
2026-03-09,1049.7137482310618,1051.0937431571542,1062.8054776289941,1043.1141955197224,2462889.0,42.86204657990723,-1.181411620752442,-3.136944102925287,1126.2256920169364,1005.5423328793005
2026-03-10,1040.015154967424,1035.1692723733684,1041.8689701689946,1030.2147198589382,2406862.0,40.68935725045131,-3.8109931104484076,-3.2717539044299118,1125.8189338992393,1003.093803678481
2026-03-11,1023.791934913208,1031.5447014401423,1039.256730216871,1006.9682303271462,4526390.0,37.284736069221275,-7.121936411709385,-4.0417904058858065,1125.0266962199955,998.2721704687159
2026-03-12,1049.0990594392965,1055.3396466297086,1051.7787413504855,1039.462765711544,1896436.0,45.01388115958865,-7.616016683702355,-4.756635661449117,1123.922067540502,997.0893924332247
2026-03-13,1062.3236557935384,1065.690198438769,1079.8746794915896,1054.721704568396,1167540.0,48.58014415228356,-6.861370843658051,-5.177582697890904,1123.86395764177,997.046282613363
2026-03-16,1062.204066173789,1069.651852937192,1078.8175344655008,1051.7049767533297,2695690.0,48.549479318128085,-6.201471755242437,-5.382360509361211,1124.0153295049404,997.1943096153514
2026-03-17,1084.4032282571393,1092.369128601958,1099.7745290219916,1066.4401049942496,2088236.0,54.3143481173323,-3.8429114285499963,-5.074470693198968,1125.5618632782075,1001.6199726626816
2026-03-18,1085.5637528718537,1090.0875787711002,1086.3488408396083,1078.2859587539183,3482410.0,54.60073356538337,-1.85866520414379,-4.4313095953879325,1123.5138377833796,1012.0290340328767
2026-03-19,1072.6444898519296,1079.8743996454486,1079.1474690663822,1068.9168015434307,1904355.0,50.7842104888048,-1.3134714492423427,-3.8077419661588148,1122.011752507519,1018.5499174809445
2026-03-20,1095.4913510109745,1099.8179165775784,1101.2561019045665,1079.891246989556,3175480.0,56.56612279163151,0.9511846215500555,-2.855956648617041,1124.3963550309848,1021.0013476753389
2026-03-23,1103.5750016662444,1107.550978716155,1111.5237523957535,1085.3444235169322,3924083.0,58.42710815272085,3.359497725052279,-1.6128657738831773,1127.2378767330858,1024.1777778159592
2026-03-24,1088.0163093513477,1090.597331630803,1089.9234441088558,1085.8264049920356,2964722.0,53.66140853952427,3.9669186018209075,-0.49690889874236044,1128.109896151337,1026.9030055643564
2026-03-25,1085.1612291800934,1090.645995164426,1105.4962352386992,1079.9551874391589,3401092.0,52.81015368121346,4.169855416376322,0.4364439642813761,1128.7069665608901,1029.1507990725108
2026-03-26,1072.026955379322,1064.7072647882278,1083.9007739791848,1068.9829993806698,2750229.0,48.96219125707685,3.233583438928008,0.9958718592107025,1125.99586570303,1028.7750152553187
2026-03-27,1051.284959414857,1059.293033427392,1057.7088216654645,1043.9692479597788,2022534.0,43.563756286789996,0.8085549074207847,0.958408468852719,1119.7309610930301,1028.1994732266676
